"county","route","route_num","stop_num","lat","lon","stop_notes"
"chatham","cthm-01",1,1,35.768194,-79.18409,NA
"chatham","cthm-01",1,2,35.768061,-79.175666,NA
"chatham","cthm-01",1,3,35.767089,-79.165578,NA
"chatham","cthm-01",1,4,35.766264,-79.15756,NA
"chatham","cthm-01",1,5,35.771066,-79.151922,NA
"chatham","cthm-01",1,6,35.777919,-79.144074,NA
"chatham","cthm-01",1,7,35.784027,-79.147646,NA
"chatham","cthm-01",1,8,35.790649,-79.150232,NA
"chatham","cthm-01",1,9,35.796262,-79.150871,NA
"chatham","cthm-01",1,10,35.803606,-79.1532756,NA
"chatham","cthm-01",1,11,35.808863,-79.157316,NA
"chatham","cthm-01",1,12,35.815893,-79.153156,NA
"chatham","cthm-01",1,13,35.821153,-79.147977,NA
"chatham","cthm-01",1,14,35.8276,-79.143853,NA
"chatham","cthm-01",1,15,35.833699,-79.139403,NA
"chatham","cthm-01",1,16,35.840145,-79.134252,NA
"chatham","cthm-01",1,17,35.843794,-79.125918,NA
"chatham","cthm-01",1,18,35.846032,-79.116841,NA
"chatham","cthm-01",1,19,35.84653,-79.108612,NA
"chatham","cthm-01",1,20,35.846079,-79.098248,NA
"chatham","cthm-02",2,1,35.8602659,-78.990665,NA
"chatham","cthm-02",2,2,35.8639551,-78.9978547,NA
"chatham","cthm-02",2,3,35.86792,-79.00082,NA
"chatham","cthm-02",2,4,35.8625383,-79.0082845,NA
"chatham","cthm-02",2,5,35.8573224,-79.0144718,NA
"chatham","cthm-02",2,6,35.8520403,-79.0189869,NA
"chatham","cthm-02",2,7,35.8455345,-79.0258997,NA
"chatham","cthm-02",2,8,35.8381628,-79.0281508,NA
"chatham","cthm-02",2,9,35.831003,-79.0234399,NA
"chatham","cthm-02",2,10,35.8245885,-79.0182671,NA
"chatham","cthm-02",2,11,35.8190108,-79.0209792,NA
"chatham","cthm-02",2,12,35.8193091,-79.0293806,NA
"chatham","cthm-02",2,13,35.8199538,-79.0396638,NA
"chatham","cthm-02",2,14,35.8139108,-79.0445884,NA
"chatham","cthm-02",2,15,35.8145049,-79.0539119,NA
"chatham","cthm-02",2,16,35.8178023,-79.0617823,NA
"chatham","cthm-02",2,17,35.8154438,-79.0713797,NA
"chatham","cthm-02",2,18,35.8157816,-79.0799655,NA
"chatham","cthm-02",2,19,35.810236,-79.0974469,NA
"chatham","cthm-02",2,20,35.8124578,-79.1076962,NA
"chatham","cthm-03",3,1,35.6733378,-78.9858872,NA
"chatham","cthm-03",3,2,35.666351,-78.9801295,NA
"chatham","cthm-03",3,3,35.6595899,-78.9777834,NA
"chatham","cthm-03",3,4,35.655182,-78.9831765,NA
"chatham","cthm-03",3,5,35.6509829,-78.9907833,NA
"chatham","cthm-03",3,6,35.6473864,-78.99724,NA
"chatham","cthm-03",3,7,35.6431243,-79.0050542,NA
"chatham","cthm-03",3,8,35.6381369,-79.0035399,NA
"chatham","cthm-03",3,9,35.6319633,-79.0030893,NA
"chatham","cthm-03",3,10,35.6255625,-79.0025528,NA
"chatham","cthm-03",3,11,35.618867,-79.0027127,NA
"chatham","cthm-03",3,12,35.6123772,-79.0052136,NA
"chatham","cthm-03",3,13,35.6049423,-79.0050848,NA
"chatham","cthm-03",3,14,35.5985573,-79.0075727,NA
"chatham","cthm-03",3,15,35.592432,-79.0122105,NA
"chatham","cthm-03",3,16,35.586462,-79.0176232,NA
"chatham","cthm-03",3,17,35.5832378,-79.0214676,NA
"chatham","cthm-03",3,18,35.5823524,-79.0269309,NA
"chatham","cthm-03",3,19,35.5754405,-79.029214,NA
"chatham","cthm-03",3,20,35.567644,-79.0285998,NA
"chatham","cthm-04",4,1,35.5801738,-79.2743729,NA
"chatham","cthm-04",4,2,35.5728397,-79.2824815,NA
"chatham","cthm-04",4,3,35.5743843,-79.2867818,NA
"chatham","cthm-04",4,4,35.5789036,-79.2926441,NA
"chatham","cthm-04",4,5,35.5865283,-79.293837,NA
"chatham","cthm-04",4,6,35.596687,-79.3009093,NA
"chatham","cthm-04",4,7,35.5960411,-79.308629,NA
"chatham","cthm-04",4,8,35.5952532,-79.3185968,NA
"chatham","cthm-04",4,9,35.5927954,-79.3262783,NA
"chatham","cthm-04",4,10,35.5966128,-79.3260674,NA
"chatham","cthm-04",4,11,35.6036168,-79.3197012,NA
"chatham","cthm-04",4,12,35.6102677,-79.323178,NA
"chatham","cthm-04",4,13,35.6174446,-79.3258163,NA
"chatham","cthm-04",4,14,35.6214633,-79.3309071,NA
"chatham","cthm-04",4,15,35.6220722,-79.3399475,NA
"chatham","cthm-04",4,16,35.6305218,-79.3382976,NA
"chatham","cthm-04",4,17,35.6369013,-79.3400344,NA
"chatham","cthm-04",4,18,35.6486759,-79.3349673,NA
"chatham","cthm-04",4,19,35.6510179,-79.3424229,NA
"chatham","cthm-04",4,20,35.6452243,-79.3589087,NA
"chatham","cthm-05",5,1,35.66617,-79.48569,NA
"chatham","cthm-05",5,2,35.661167,-79.490189,NA
"chatham","cthm-05",5,3,35.6549811,-79.4861775,NA
"chatham","cthm-05",5,4,35.6549225,-79.4783964,NA
"chatham","cthm-05",5,5,35.650359,-79.47403,NA
"chatham","cthm-05",5,6,35.641631,-79.475362,NA
"chatham","cthm-05",5,7,35.637177,-79.470007,NA
"chatham","cthm-05",5,8,35.640322,-79.461139,NA
"chatham","cthm-05",5,9,35.638346,-79.457952,NA
"chatham","cthm-05",5,10,35.631624,-79.457816,NA
"chatham","cthm-05",5,11,35.625694,-79.457334,NA
"chatham","cthm-05",5,12,35.617446,-79.455179,NA
"chatham","cthm-05",5,13,35.611642,-79.450102,NA
"chatham","cthm-05",5,14,35.6086766,-79.4421586,NA
"chatham","cthm-05",5,15,35.604648,-79.438066,NA
"chatham","cthm-05",5,16,35.596575,-79.435343,NA
"chatham","cthm-05",5,17,35.587973,-79.433613,NA
"chatham","cthm-05",5,18,35.580027,-79.430549,NA
"chatham","cthm-05",5,19,35.571881,-79.433184,NA
"chatham","cthm-05",5,20,35.566441,-79.430292,NA
"chatham","cthm-06",6,1,35.81981,-79.47866,NA
"chatham","cthm-06",6,2,35.821921,-79.480549,NA
"chatham","cthm-06",6,3,35.830756,-79.480129,NA
"chatham","cthm-06",6,4,35.837472,-79.479996,NA
"chatham","cthm-06",6,5,35.843036,-79.478017,NA
"chatham","cthm-06",6,6,35.841359,-79.468721,NA
"chatham","cthm-06",6,7,35.842234,-79.459836,NA
"chatham","cthm-06",6,8,35.837041,-79.454318,NA
"chatham","cthm-06",6,9,35.831381,-79.449306,NA
"chatham","cthm-06",6,10,35.824808,-79.448311,NA
"chatham","cthm-06",6,11,35.817855,-79.445535,NA
"chatham","cthm-06",6,12,35.813909,-79.439801,NA
"chatham","cthm-06",6,13,35.808945,-79.433373,NA
"chatham","cthm-06",6,14,35.802477,-79.424753,NA
"chatham","cthm-06",6,15,35.79937,-79.421166,NA
"chatham","cthm-06",6,16,35.794998,-79.414447,NA
"chatham","cthm-06",6,17,35.792698,-79.406864,NA
"chatham","cthm-06",6,18,35.790804,-79.397076,NA
"chatham","cthm-06",6,19,35.788643,-79.389903,NA
"chatham","cthm-06",6,20,35.78529,-79.379675,NA
"chatham","cthm-07",7,1,35.7128722,-79.3712036,NA
"chatham","cthm-07",7,2,35.7061355,-79.3740055,NA
"chatham","cthm-07",7,3,35.7001185,-79.3756967,NA
"chatham","cthm-07",7,4,35.7017803,-79.3672945,NA
"chatham","cthm-07",7,5,35.7046057,-79.360453,NA
"chatham","cthm-07",7,6,35.7094153,-79.3531007,NA
"chatham","cthm-07",7,7,35.7071309,-79.3458036,NA
"chatham","cthm-07",7,8,35.7050258,-79.3371755,NA
"chatham","cthm-07",7,9,35.7087703,-79.3362319,NA
"chatham","cthm-07",7,10,35.710583,-79.3282106,NA
"chatham","cthm-07",7,11,35.7127298,-79.3208465,NA
"chatham","cthm-07",7,12,35.7158568,-79.3125491,NA
"chatham","cthm-07",7,13,35.7211741,-79.3103521,NA
"chatham","cthm-07",7,14,35.7201954,-79.3006551,NA
"chatham","cthm-07",7,15,35.7210019,-79.2930304,NA
"chatham","cthm-07",7,16,35.7137957,-79.2953427,NA
"chatham","cthm-07",7,17,35.7132929,-79.2894732,NA
"chatham","cthm-07",7,18,35.7160022,-79.2809379,NA
"chatham","cthm-07",7,19,35.7125989,-79.2771865,NA
"chatham","cthm-07",7,20,35.705373,-79.2773259,NA
"chatham","cthm-08",8,1,35.782637,-79.207965,NA
"chatham","cthm-08",8,2,35.789967,-79.210325,NA
"chatham","cthm-08",8,3,35.797211,-79.211255,NA
"chatham","cthm-08",8,4,35.804574,-79.211822,NA
"chatham","cthm-08",8,5,35.811297,-79.216393,NA
"chatham","cthm-08",8,6,35.814045,-79.225265,NA
"chatham","cthm-08",8,7,35.820159,-79.230642,NA
"chatham","cthm-08",8,8,35.817804,-79.240028,NA
"chatham","cthm-08",8,9,35.81518,-79.248376,NA
"chatham","cthm-08",8,10,35.810451,-79.251885,NA
"chatham","cthm-08",8,11,35.804434,-79.252052,NA
"chatham","cthm-08",8,12,35.804864,-79.261296,NA
"chatham","cthm-08",8,13,35.805263,-79.270823,NA
"chatham","cthm-08",8,14,35.806004,-79.281216,NA
"chatham","cthm-08",8,15,35.812398,-79.286235,NA
"chatham","cthm-08",8,16,35.814745,-79.288611,NA
"chatham","cthm-08",8,17,35.819226,-79.293771,NA
"chatham","cthm-08",8,18,35.821235,-79.299888,NA
"chatham","cthm-08",8,19,35.823759,-79.310191,NA
"chatham","cthm-08",8,20,35.833841,-79.31898,NA
"chatham","cthm-09",9,1,35.78602,-79.09268,NA
"chatham","cthm-09",9,2,35.77783,-79.09412,NA
"chatham","cthm-09",9,3,35.77046,-79.0933,NA
"chatham","cthm-09",9,4,35.76417,-79.09083,NA
"chatham","cthm-09",9,5,35.75695,-79.08784,NA
"chatham","cthm-09",9,6,35.7495,-79.08702,NA
"chatham","cthm-09",9,7,35.7412,-79.08465,NA
"chatham","cthm-09",9,8,35.73337,-79.08245,NA
"chatham","cthm-09",9,9,35.73337,-79.08245,NA
"chatham","cthm-09",9,10,35.72046,-79.07359,NA
"chatham","cthm-09",9,11,35.71547,-79.06816,NA
"chatham","cthm-09",9,12,35.711,-79.0609,NA
"chatham","cthm-09",9,13,35.70982,-79.07409,NA
"chatham","cthm-09",9,14,35.70468,-79.07623,NA
"chatham","cthm-09",9,15,35.71899,-79.05994,NA
"chatham","cthm-09",9,16,35.72614,-79.05731,NA
"chatham","cthm-09",9,17,35.73419,-79.05825,NA
"chatham","cthm-09",9,18,35.72962,-79.00367,NA
"chatham","cthm-09",9,19,35.72154,-79.00648,NA
"chatham","cthm-09",9,20,35.71445,-79.00917,NA
"chatham","cthm-10",10,1,35.665815,-79.09656,"""Just be aware the mileage might be correct but some of the landmarks have changed."" Clark Poe Road - 0.0m"
"chatham","cthm-10",10,2,35.660276,-79.102497,"Just past first house on left (Gum Springs Road) - 0.55m"
"chatham","cthm-10",10,3,35.654274,-79.106031,"Just past house on left in valley - 1.0m"
"chatham","cthm-10",10,4,35.649215,-79.113949,"Gum Springs Baptist Church - 1.55m"
"chatham","cthm-10",10,5,35.650185,-79.120723,"Mt. View AME Zion Church - 2.1m"
"chatham","cthm-10",10,6,35.655079,-79.126862,"4783 Moncure Pittsboro Road - 2.6m"
"chatham","cthm-10",10,7,35.659943,-79.133407,"Across from Pond - 3.1m"
"chatham","cthm-10",10,8,35.664852,-79.138095,"Ruby Red - 3.6m"
"chatham","cthm-10",10,9,35.669197,-79.139533,"Abeyance - 3.9m"
"chatham","cthm-10",10,10,35.676245,-79.142404,"Pullover on right - 4.55m"
"chatham","cthm-10",10,11,35.685151,-79.150835,"Thrift Shepard Shop - 5.1m"
"chatham","cthm-10",10,12,35.68882,-79.153637,"Bill Thomas Road - 5.6m"
"chatham","cthm-10",10,13,35.695673,-79.158038,"Mt. Zion Road - 6.1m"
"chatham","cthm-10",10,14,35.698913,-79.165924,"All Our Children - 6.6m"
"chatham","cthm-10",10,15,35.701214,-79.170651,"Install Inc (496 Pittsboro Moncure Road) - 7.0m"
"chatham","cthm-10",10,16,35.706328,-79.178572,"Sandford Road - 7.4m"
"chatham","cthm-10",10,17,35.724089,-79.186482,"Chatham Office Building - 0.0m"
"chatham","cthm-10",10,18,35.732249,-79.187493,"Oakview - 0.5m"
"chatham","cthm-10",10,19,35.737101,-79.185359,"1289 - 1.0m"
"chatham","cthm-10",10,20,35.745641,-79.185047,"1692 - 1.5m"
"chatham","cthm-11",11,1,35.610067,-79.277234,NA
"chatham","cthm-11",11,2,35.617213,-79.280087,NA
"chatham","cthm-11",11,3,35.624326,-79.282354,NA
"chatham","cthm-11",11,4,35.630384,-79.278142,NA
"chatham","cthm-11",11,5,35.636241,-79.27303,NA
"chatham","cthm-11",11,6,35.640177,-79.265754,NA
"chatham","cthm-11",11,7,35.645549,-79.260014,NA
"chatham","cthm-11",11,8,35.647728,-79.251628,NA
"chatham","cthm-11",11,9,35.649957,-79.243551,NA
"chatham","cthm-11",11,10,35.655993,-79.238861,NA
"chatham","cthm-11",11,11,35.662042,-79.238741,NA
"chatham","cthm-11",11,12,35.660991,-79.22949,NA
"chatham","cthm-11",11,13,35.659237,-79.221114,NA
"chatham","cthm-11",11,14,35.653321,-79.217613,NA
"chatham","cthm-11",11,15,35.649422,-79.210774,NA
"chatham","cthm-11",11,16,35.649934,-79.201461,NA
"chatham","cthm-11",11,17,35.655131,-79.195402,NA
"chatham","cthm-11",11,18,35.660411,-79.189171,NA
"chatham","cthm-11",11,19,35.664052,-79.181776,NA
"chatham","cthm-11",11,20,35.670503,-79.179763,NA
"chatham","cthm-12",12,1,35.61934,-79.520667,NA
"chatham","cthm-12",12,2,35.6123,-79.519864,NA
"chatham","cthm-12",12,3,35.611316,-79.513973,NA
"chatham","cthm-12",12,4,35.61231,-79.506445,NA
"chatham","cthm-12",12,5,35.618754,-79.507419,NA
"chatham","cthm-12",12,6,35.625751,-79.507858,NA
"chatham","cthm-12",12,7,35.630478,-79.50084,NA
"chatham","cthm-12",12,8,35.634097,-79.492706,NA
"chatham","cthm-12",12,9,35.635362,-79.484652,NA
"chatham","cthm-12",12,10,35.637038,-79.477247,NA
"chatham","cthm-12",12,11,35.644083,-79.475305,NA
"chatham","cthm-12",12,12,35.653061,-79.472714,NA
"chatham","cthm-12",12,13,35.653875,-79.463584,NA
"chatham","cthm-12",12,14,35.654176,-79.455471,NA
"chatham","cthm-12",12,15,35.658828,-79.448449,NA
"chatham","cthm-12",12,16,35.66213,-79.440104,NA
"chatham","cthm-12",12,17,35.666845,-79.433407,NA
"chatham","cthm-12",12,18,35.668752,-79.4242,NA
"chatham","cthm-12",12,19,35.666441,-79.416244,NA
"chatham","cthm-12",12,20,35.666394,-79.409569,NA
"chatham","cthm-13",13,1,35.71054,-79.54496,NA
"chatham","cthm-13",13,2,35.708805,-79.536187,NA
"chatham","cthm-13",13,3,35.712742,-79.527683,NA
"chatham","cthm-13",13,4,35.716027,-79.518248,NA
"chatham","cthm-13",13,5,35.720391,-79.510899,NA
"chatham","cthm-13",13,6,35.72386,-79.501118,NA
"chatham","cthm-13",13,7,35.721897,-79.491209,NA
"chatham","cthm-13",13,8,35.720503,-79.481442,NA
"chatham","cthm-13",13,9,35.722715,-79.470945,NA
"chatham","cthm-13",13,10,35.725414,-79.46294,NA
"chatham","cthm-13",13,11,35.730273,-79.45828,NA
"chatham","cthm-13",13,12,35.737272,-79.455461,NA
"chatham","cthm-13",13,13,35.744238,-79.449902,NA
"chatham","cthm-13",13,14,35.751029,-79.444366,NA
"chatham","cthm-13",13,15,35.759489,-79.442942,NA
"chatham","cthm-13",13,16,35.766154,-79.440593,NA
"chatham","cthm-13",13,17,35.768435,-79.430661,NA
"chatham","cthm-13",13,18,35.771026,-79.423848,NA
"chatham","cthm-13",13,19,35.776769,-79.416071,NA
"chatham","cthm-13",13,20,35.783286,-79.411567,NA
"chatham","cthm-14",14,1,35.7437305,-79.0044304,NA
"chatham","cthm-14",14,2,35.7511476,-79.0078207,NA
"chatham","cthm-14",14,3,35.7582663,-79.0102389,NA
"chatham","cthm-14",14,4,35.7650553,-79.0066394,NA
"chatham","cthm-14",14,5,35.7711038,-79.0027502,NA
"chatham","cthm-14",14,6,35.7768952,-79.0064446,NA
"chatham","cthm-14",14,7,35.7849402,-79.0093468,NA
"chatham","cthm-14",14,8,35.7894141,-79.006155,NA
"chatham","cthm-14",14,9,35.7894464,-78.9990063,NA
"chatham","cthm-14",14,10,35.7919107,-78.9897438,NA
"chatham","cthm-14",14,11,35.7951207,-78.9822449,NA
"chatham","cthm-14",14,12,35.7946336,-78.9746531,NA
"chatham","cthm-14",14,13,35.7904302,-78.9668748,NA
"chatham","cthm-14",14,14,35.7940963,-78.9642201,NA
"chatham","cthm-14",14,15,35.8017524,-78.9639626,NA
"chatham","cthm-14",14,16,35.8069171,-78.9619799,NA
"chatham","cthm-14",14,17,35.8079852,-78.9537736,NA
"chatham","cthm-14",14,18,35.8121338,-78.9465209,NA
"chatham","cthm-14",14,19,35.817586,-78.9428178,NA
"chatham","cthm-14",14,20,35.8250782,-78.9421833,NA
"durham","drhm-01",1,1,36.146827,-78.94738,NA
"durham","drhm-01",1,2,36.153833,-78.945099,NA
"durham","drhm-01",1,3,36.159448,-78.950115,NA
"durham","drhm-01",1,4,36.165366,-78.947431,NA
"durham","drhm-01",1,5,36.167614,-78.939551,NA
"durham","drhm-01",1,6,36.165791,-78.931553,NA
"durham","drhm-01",1,7,36.171284,-78.924783,NA
"durham","drhm-01",1,8,36.174101,-78.918697,NA
"durham","drhm-01",1,9,36.177046,-78.910515,NA
"durham","drhm-01",1,10,36.198361,-78.903929,NA
"durham","drhm-01",1,11,36.199336,-78.894878,NA
"durham","drhm-01",1,12,36.200371,-78.886693,NA
"durham","drhm-01",1,13,36.203491,-78.879702,NA
"durham","drhm-01",1,14,36.206463,-78.871907,NA
"durham","drhm-01",1,15,36.212495,-78.868406,NA
"durham","drhm-01",1,16,36.21665,-78.874843,NA
"durham","drhm-01",1,17,36.222575,-78.881816,NA
"durham","drhm-01",1,18,36.227544,-78.88045,NA
"durham","drhm-01",1,19,36.229474,-78.871102,NA
"durham","drhm-01",1,20,36.230211,-78.863988,NA
"durham","drhm-02",2,1,36.121814,-78.839884,NA
"durham","drhm-02",2,2,36.127101,-78.84921,NA
"durham","drhm-02",2,3,36.132187,-78.853069,NA
"durham","drhm-02",2,4,36.138897,-78.857054,NA
"durham","drhm-02",2,5,36.144576,-78.860898,NA
"durham","drhm-02",2,6,36.150464,-78.866347,NA
"durham","drhm-02",2,7,36.15219,-78.872216,NA
"durham","drhm-02",2,8,36.148358,-78.878233,NA
"durham","drhm-02",2,9,36.144251,-78.882879,NA
"durham","drhm-02",2,10,36.144997,-78.892117,NA
"durham","drhm-02",2,11,36.147595,-78.897946,NA
"durham","drhm-02",2,12,36.154477,-78.895765,NA
"durham","drhm-02",2,13,36.160831,-78.895588,NA
"durham","drhm-02",2,14,36.167231,-78.891647,NA
"durham","drhm-02",2,15,36.170638,-78.883845,NA
"durham","drhm-02",2,16,36.175338,-78.881963,NA
"durham","drhm-02",2,17,36.180032,-78.887381,NA
"durham","drhm-02",2,18,36.185202,-78.88971,NA
"durham","drhm-02",2,19,36.191652,-78.898034,NA
"durham","drhm-02",2,20,36.193735,-78.903379,NA
"durham","drhm-03",3,1,36.0174968,-78.9190325,NA
"durham","drhm-03",3,2,36.0244489,-78.9197512,NA
"durham","drhm-03",3,3,36.0302437,-78.9254672,NA
"durham","drhm-03",3,4,36.0360277,-78.929253,NA
"durham","drhm-03",3,5,36.0371268,-78.9365445,NA
"durham","drhm-03",3,6,36.0386392,-78.9475227,NA
"durham","drhm-03",3,7,36.0426801,-78.955214,NA
"durham","drhm-03",3,8,36.0428468,-78.9625931,NA
"durham","drhm-03",3,9,36.0472806,-78.9693279,NA
"durham","drhm-03",3,10,36.0531853,-78.9732269,NA
"durham","drhm-03",3,11,36.0593967,-78.9780444,NA
"durham","drhm-03",3,12,36.0653133,-78.9774317,NA
"durham","drhm-03",3,13,36.0727903,-78.9730363,NA
"durham","drhm-03",3,14,36.0760626,-78.9664597,NA
"durham","drhm-03",3,15,36.0761728,-78.9569745,NA
"durham","drhm-03",3,16,36.0775314,-78.9488686,NA
"durham","drhm-03",3,17,36.0823143,-78.9415308,NA
"durham","drhm-03",3,18,36.0948432,-78.9325766,NA
"durham","drhm-03",3,19,36.1032818,-78.9310083,NA
"durham","drhm-03",3,20,36.1098165,-78.9295937,NA
"durham","drhm-04",4,1,36.09356,-78.909942,NA
"durham","drhm-04",4,2,36.09265,-78.90081,NA
"durham","drhm-04",4,3,36.095121,-78.89222,NA
"durham","drhm-04",4,4,36.093249,-78.883716,NA
"durham","drhm-04",4,5,36.087356,-78.877485,NA
"durham","drhm-04",4,6,36.083043,-78.871214,NA
"durham","drhm-04",4,7,36.083335,-78.864523,NA
"durham","drhm-04",4,8,36.074626,-78.863454,NA
"durham","drhm-04",4,9,36.075709,-78.860588,NA
"durham","drhm-04",4,10,36.082363,-78.853651,NA
"durham","drhm-04",4,11,36.086306,-78.847129,NA
"durham","drhm-04",4,12,36.091449,-78.840976,NA
"durham","drhm-04",4,13,36.094726,-78.834778,NA
"durham","drhm-04",4,14,36.091571,-78.829924,NA
"durham","drhm-04",4,15,36.084415,-78.824493,NA
"durham","drhm-04",4,16,36.076406,-78.821093,NA
"durham","drhm-04",4,17,36.06637,-78.820962,NA
"durham","drhm-04",4,18,36.060492,-78.817566,NA
"durham","drhm-04",4,19,36.052976,-78.815265,NA
"durham","drhm-04",4,20,36.04377,-78.814958,NA
"durham","drhm-05",5,1,35.8828612,-78.9927439,NA
"durham","drhm-05",5,2,35.8868399,-78.9864874,NA
"durham","drhm-05",5,3,35.8922646,-78.9807503,NA
"durham","drhm-05",5,4,35.9007635,-78.9806876,NA
"durham","drhm-05",5,5,35.9055098,-78.9832843,NA
"durham","drhm-05",5,6,35.910952,-78.9841122,NA
"durham","drhm-05",5,7,35.9194738,-78.9863458,NA
"durham","drhm-05",5,8,35.9262418,-78.9893718,NA
"durham","drhm-05",5,9,35.932457,-78.9894436,NA
"durham","drhm-05",5,10,35.9398126,-78.9841876,NA
"durham","drhm-05",5,11,35.9425889,-78.9795975,NA
"durham","drhm-05",5,12,35.946114,-78.9715172,NA
"durham","drhm-05",5,13,35.9508564,-78.9655766,NA
"durham","drhm-05",5,14,35.9533748,-78.9581148,NA
"durham","drhm-05",5,15,35.9573191,-78.9511531,NA
"durham","drhm-05",5,16,35.9610426,-78.9474957,NA
"durham","drhm-05",5,17,35.9669508,-78.9457455,NA
"durham","drhm-05",5,18,35.9735894,-78.9428726,NA
"durham","drhm-05",5,19,35.9843204,-78.9410977,NA
"durham","drhm-05",5,20,35.9897964,-78.9388187,NA
"durham","drhm-06",6,1,35.8687576,-78.8298885,NA
"durham","drhm-06",6,2,35.8744067,-78.8366567,NA
"durham","drhm-06",6,3,35.8795416,-78.8406627,NA
"durham","drhm-06",6,4,35.8805364,-78.8454915,NA
"durham","drhm-06",6,5,35.8874673,-78.8491849,NA
"durham","drhm-06",6,6,35.8972234,-78.8497119,NA
"durham","drhm-06",6,7,35.9021586,-78.8538769,NA
"durham","drhm-06",6,8,35.9070053,-78.8618308,NA
"durham","drhm-06",6,9,35.9148937,-78.8681787,NA
"durham","drhm-06",6,10,35.9197207,-78.8732447,NA
"durham","drhm-06",6,11,35.9247973,-78.8806132,NA
"durham","drhm-06",6,12,35.9300092,-78.8853173,NA
"durham","drhm-06",6,13,35.9341271,-78.8901052,NA
"durham","drhm-06",6,14,35.9421815,-78.8998308,NA
"durham","drhm-06",6,15,35.9478616,-78.9031045,NA
"durham","drhm-06",6,16,35.9574454,-78.9087501,NA
"durham","drhm-06",6,17,35.9638489,-78.9179103,NA
"durham","drhm-06",6,18,35.9674861,-78.9225563,NA
"durham","drhm-06",6,19,35.9728573,-78.9333264,NA
"durham","drhm-06",6,20,35.9758196,-78.937776,NA
"durham","drhm-07",7,1,35.951236,-78.836051,"""Just be aware the mileage might be correct but some of the landmarks have changed. For example, the abandoned house is now the food lion shopping center"" 0.0 storage area"
"durham","drhm-07",7,2,35.95625,-78.82648,"0.55 1615 Sheron Rd"
"durham","drhm-07",7,3,35.959794,-78.819419,"1.1 Fields"
"durham","drhm-07",7,4,35.962164,-78.813438,"1.5 RTP Lock and Key"
"durham","drhm-07",7,5,35.964661,-78.805792,"2.0 Cemetery"
"durham","drhm-07",7,6,35.970668,-78.800716,"2.6 312 Sheron Rd"
"durham","drhm-07",7,7,35.974903,-78.792632,"3.0 Food Lion near Rte 98"
"durham","drhm-07",7,8,35.977794,-78.781118,"0.0 98 and Baptist Middle School"
"durham","drhm-07",7,9,35.982075,-78.775266,"0.55 Cemetery"
"durham","drhm-07",7,10,35.989001,-78.769871,"1.1 Field"
"durham","drhm-07",7,11,35.992371,-78.76502,"1.5 Greenbrier Rd"
"durham","drhm-07",7,12,35.99169,-78.75632,"2.0 Intersection of 1908 Southview at Church"
"durham","drhm-07",7,13,35.98609,-78.75113,"0.5 510 Southview"
"durham","drhm-07",7,14,35.97808,-78.75011,"1.0 Powerline crossing"
"durham","drhm-07",7,15,35.97198,-78.74944,"1.5 Past Bridge"
"durham","drhm-07",7,16,35.96481,-78.75342,"2.0 Edge of field"
"durham","drhm-07",7,17,35.96113,-78.74909,"2.5 Kemp and Southview"
"durham","drhm-07",7,18,35.95701,-78.74222,"0.6 Old Kemp Road"
"durham","drhm-07",7,19,35.95484,-78.73421,"1.2 Power line"
"durham","drhm-07",7,20,35.95004,-78.73453,"1.7 Carpenter Pond and Soral Gin"
"durham","drhm-08",8,1,35.926474,-78.761981,NA
"durham","drhm-08",8,2,35.933695,-78.767016,NA
"durham","drhm-08",8,3,35.939618,-78.771087,NA
"durham","drhm-08",8,4,35.945499,-78.771726,NA
"durham","drhm-08",8,5,35.952134,-78.774109,NA
"durham","drhm-08",8,6,35.958573,-78.778001,NA
"durham","drhm-08",8,7,35.966321,-78.782952,NA
"durham","drhm-08",8,8,35.970357,-78.784644,NA
"durham","drhm-08",8,9,35.974939,-78.785642,NA
"durham","drhm-08",8,10,35.979455,-78.794692,NA
"durham","drhm-08",8,11,35.984999,-78.798088,NA
"durham","drhm-08",8,12,35.99131,-78.801438,NA
"durham","drhm-08",8,13,35.998118,-78.801612,NA
"durham","drhm-08",8,14,36.010964,-78.802016,NA
"durham","drhm-08",8,15,36.018845,-78.805619,NA
"durham","drhm-08",8,16,36.024588,-78.809631,NA
"durham","drhm-08",8,17,36.031722,-78.81219,NA
"durham","drhm-08",8,18,36.038641,-78.817245,NA
"durham","drhm-08",8,19,36.046454,-78.808834,NA
"durham","drhm-08",8,20,36.04858,-78.803373,NA
"orange","orng-01",1,1,36.233011,-79.2100081,NA
"orange","orng-01",1,2,36.226355,-79.2076375,NA
"orange","orng-01",1,3,36.2198271,-79.2040793,NA
"orange","orng-01",1,4,36.2186924,-79.1975596,NA
"orange","orng-01",1,5,36.217693,-79.1874463,NA
"orange","orng-01",1,6,36.2168212,-79.1793409,NA
"orange","orng-01",1,7,36.2129025,-79.1752011,NA
"orange","orng-01",1,8,36.2055901,-79.1732061,NA
"orange","orng-01",1,9,36.197842,-79.1698197,NA
"orange","orng-01",1,10,36.1914892,-79.1711946,NA
"orange","orng-01",1,11,36.1848891,-79.1687648,NA
"orange","orng-01",1,12,36.1784716,-79.1661589,NA
"orange","orng-01",1,13,36.1712192,-79.1666161,NA
"orange","orng-01",1,14,36.1634163,-79.1676926,NA
"orange","orng-01",1,15,36.1568915,-79.1671602,NA
"orange","orng-01",1,16,36.148553,-79.1647151,NA
"orange","orng-01",1,17,36.1433722,-79.1631181,NA
"orange","orng-01",1,18,36.1373916,-79.157413,NA
"orange","orng-01",1,19,36.1331914,-79.1497279,NA
"orange","orng-01",1,20,36.1353571,-79.1426814,NA
"orange","orng-02",2,1,36.1607243,-79.10446,NA
"orange","orng-02",2,2,36.1648819,-79.1067797,NA
"orange","orng-02",2,3,36.1719249,-79.1077866,NA
"orange","orng-02",2,4,36.178134,-79.1031725,NA
"orange","orng-02",2,5,36.1834933,-79.0998945,NA
"orange","orng-02",2,6,36.1905204,-79.0945574,NA
"orange","orng-02",2,7,36.1958907,-79.090263,NA
"orange","orng-02",2,8,36.2018214,-79.0889036,NA
"orange","orng-02",2,9,36.2106719,-79.0864088,NA
"orange","orng-02",2,10,36.2105579,-79.0783783,NA
"orange","orng-02",2,11,36.2144818,-79.073337,NA
"orange","orng-02",2,12,36.2187551,-79.0694902,NA
"orange","orng-02",2,13,36.2245305,-79.0633293,NA
"orange","orng-02",2,14,36.2258305,-79.0535216,NA
"orange","orng-02",2,15,36.2276568,-79.0459151,NA
"orange","orng-02",2,16,36.2296369,-79.0371049,NA
"orange","orng-02",2,17,36.2290851,-79.0297367,NA
"orange","orng-02",2,18,36.2332235,-79.0253032,NA
"orange","orng-02",2,19,36.2386926,-79.0230702,NA
"orange","orng-02",2,20,36.2387572,-79.0147295,NA
"orange","orng-03",3,1,36.119491,-79.176668,NA
"orange","orng-03",3,2,36.120662,-79.186229,NA
"orange","orng-03",3,3,36.121532,-79.19038,NA
"orange","orng-03",3,4,36.115745,-79.195547,NA
"orange","orng-03",3,5,36.111012,-79.201137,NA
"orange","orng-03",3,6,36.105687,-79.202453,NA
"orange","orng-03",3,7,36.105685,-79.211613,NA
"orange","orng-03",3,8,36.099722,-79.214267,NA
"orange","orng-03",3,9,36.092438,-79.213933,NA
"orange","orng-03",3,10,36.087875,-79.220204,NA
"orange","orng-03",3,11,36.085925,-79.226127,NA
"orange","orng-03",3,12,36.077617,-79.224286,NA
"orange","orng-03",3,13,36.070867,-79.22445,NA
"orange","orng-03",3,14,36.065727,-79.226937,NA
"orange","orng-03",3,15,36.058951,-79.232453,NA
"orange","orng-03",3,16,36.055865,-79.237684,NA
"orange","orng-03",3,17,36.050985,-79.243826,NA
"orange","orng-03",3,18,36.047216,-79.251302,NA
"orange","orng-03",3,19,36.042172,-79.257245,NA
"orange","orng-03",3,20,36.036967,-79.26018,NA
"orange","orng-04",4,1,36.082941,-79.099012,"Town Hall pull out"
"orange","orng-04",4,2,36.077555,-79.096478,"gravel shoulder on right just N of Tryon St"
"orange","orng-04",4,3,36.072344,-79.099331,"""Park on W side of Eno River, count from bridge"""
"orange","orng-04",4,4,36.066604,-79.093864,"Sports Endeavors driveway"
"orange","orng-04",4,5,36.064862,-79.085604,"Valley Forge @ Rt 86"
"orange","orng-04",4,6,36.057989,-79.08186,"Just across I-85 before exit ramp and One Way sign"
"orange","orng-04",4,7,36.053026,-79.076169,"Gravel pullout in front of truck yard"
"orange","orng-04",4,8,36.048521,-79.069083,"Byrdsville driveway"
"orange","orng-04",4,9,36.043341,-79.062869,"""Across from house #2212, in front of 35 mph sign"""
"orange","orng-04",4,10,36.038145,-79.058871,"First driveway past RxR"
"orange","orng-04",4,11,36.03457,-79.051005,"Telephone pole with No Trespassing sign"
"orange","orng-04",4,12,36.033587,-79.042454,"""Just past house #3519, not a safe pull-off"""
"orange","orng-04",4,13,36.033016,-79.033138,"1st driveway after RxR"
"orange","orng-04",4,14,36.03172,-79.024012,"Telephone pole and ""stop sign ahead"" sign"
"orange","orng-04",4,15,36.026079,-79.023783,"#6110 Mt. Hermon Church Rd"
"orange","orng-04",4,16,36.021894,-79.016261,"In front of Stop sign @ Murphy School Rd"
"orange","orng-04",4,17,36.017273,-79.008623,"""Orange No Hunting signs on both L and R, just before telephone pole with 2 yellow support wires""; land on right cleared for housing in 2016"
"orange","orng-04",4,18,36.013561,-79.001183,"Far end of lawn and fence on L"
"orange","orng-04",4,19,36.010719,-78.992958,"3 black mailboxes"
"orange","orng-04",4,20,36.005137,-78.991717,"2nd driveway of pale blue house"
"orange","orng-05",5,1,35.9930535,-79.1493245,NA
"orange","orng-05",5,2,35.9935961,-79.1589658,NA
"orange","orng-05",5,3,35.9898849,-79.1614025,NA
"orange","orng-05",5,4,35.9826421,-79.1582751,NA
"orange","orng-05",5,5,35.9764258,-79.1606162,NA
"orange","orng-05",5,6,35.9725553,-79.1645755,NA
"orange","orng-05",5,7,35.9712556,-79.1751932,NA
"orange","orng-05",5,8,35.9752349,-79.1825478,NA
"orange","orng-05",5,9,35.975469,-79.190433,NA
"orange","orng-05",5,10,35.9713528,-79.1940569,NA
"orange","orng-05",5,11,35.964597,-79.1941635,NA
"orange","orng-05",5,12,35.9589448,-79.1997637,NA
"orange","orng-05",5,13,35.955413,-79.2069467,NA
"orange","orng-05",5,14,35.9550977,-79.2156431,NA
"orange","orng-05",5,15,35.9546748,-79.2247939,NA
"orange","orng-05",5,16,35.9516943,-79.2300643,NA
"orange","orng-05",5,17,35.947859,-79.2372159,NA
"orange","orng-05",5,18,35.9407976,-79.2385327,NA
"orange","orng-05",5,19,35.9355687,-79.2353966,NA
"orange","orng-05",5,20,35.9289921,-79.2316788,NA
"orange","orng-06",6,1,36.001686,-79.026619,NA
"orange","orng-06",6,2,36.001788,-79.035657,NA
"orange","orng-06",6,3,35.999948,-79.043202,NA
"orange","orng-06",6,4,35.992809,-79.043875,NA
"orange","orng-06",6,5,35.987944,-79.048141,NA
"orange","orng-06",6,6,35.980372,-79.049462,NA
"orange","orng-06",6,7,35.97359,-79.050566,NA
"orange","orng-06",6,8,35.970917,-79.059075,NA
"orange","orng-06",6,9,35.974595,-79.06335,NA
"orange","orng-06",6,10,35.969352,-79.062485,NA
"orange","orng-06",6,11,35.96993,-79.073413,NA
"orange","orng-06",6,12,35.968803,-79.08168,NA
"orange","orng-06",6,13,35.965614,-79.090416,NA
"orange","orng-06",6,14,35.959827,-79.085154,NA
"orange","orng-06",6,15,35.954117,-79.08125,NA
"orange","orng-06",6,16,35.9480714,-79.0832613,NA
"orange","orng-06",6,17,35.941798,-79.088232,NA
"orange","orng-06",6,18,35.942579,-79.095596,NA
"orange","orng-06",6,19,35.942829,-79.101257,NA
"orange","orng-06",6,20,35.942695,-79.108836,NA
"orange","orng-07",7,1,36.132105,-79.223926,NA
"orange","orng-07",7,2,36.13889,-79.22034,NA
"orange","orng-07",7,3,36.14466,-79.21589,NA
"orange","orng-07",7,4,36.1489,-79.2077,NA
"orange","orng-07",7,5,36.15205,-79.20053,NA
"orange","orng-07",7,6,36.15863,-79.19863,NA
"orange","orng-07",7,7,36.16424,-79.19681,NA
"orange","orng-07",7,8,36.17145,-79.19305,NA
"orange","orng-07",7,9,36.17449,-79.18509,NA
"orange","orng-07",7,10,36.17928,-79.17873,NA
"orange","orng-07",7,11,36.18373,-79.17701,NA
"orange","orng-07",7,12,36.188343,-79.180411,NA
"orange","orng-07",7,13,36.189729,-79.17355,NA
"orange","orng-07",7,14,36.192199,-79.16607,NA
"orange","orng-07",7,15,36.197774,-79.160022,NA
"orange","orng-07",7,16,36.206992,-79.156905,NA
"orange","orng-07",7,17,36.212327,-79.156839,NA
"orange","orng-07",7,18,36.217935,-79.153762,NA
"orange","orng-07",7,19,36.224038,-79.150572,NA
"orange","orng-07",7,20,36.2255,-79.140737,NA
"orange","orng-08",8,1,36.1544708,-78.9676272,NA
"orange","orng-08",8,2,36.1562491,-78.9702869,NA
"orange","orng-08",8,3,36.1565137,-78.9705606,NA
"orange","orng-08",8,4,36.1676647,-78.9801995,NA
"orange","orng-08",8,5,36.171517,-78.987614,NA
"orange","orng-08",8,6,36.176411,-78.9958063,NA
"orange","orng-08",8,7,36.177307,-79.0046091,NA
"orange","orng-08",8,8,36.1768262,-79.0113773,NA
"orange","orng-08",8,9,36.1772706,-79.0205572,NA
"orange","orng-08",8,10,36.1830545,-79.0259472,NA
"orange","orng-08",8,11,36.1831343,-79.0326892,NA
"orange","orng-08",8,12,36.1839426,-79.0415035,NA
"orange","orng-08",8,13,36.189208,-79.0449701,NA
"orange","orng-08",8,14,36.1911326,-79.0503781,NA
"orange","orng-08",8,15,36.1928451,-79.0587903,NA
"orange","orng-08",8,16,36.1927367,-79.0684247,NA
"orange","orng-08",8,17,36.1975971,-79.0737538,NA
"orange","orng-08",8,18,36.201572,-79.078144,NA
"orange","orng-08",8,19,36.2009794,-79.0886956,NA
"orange","orng-08",8,20,36.2032796,-79.0964527,NA
"orange","orng-09",9,1,35.999474,-79.11991,NA
"orange","orng-09",9,2,36.004015,-79.126702,NA
"orange","orng-09",9,3,36.006235,-79.134471,NA
"orange","orng-09",9,4,36.005894,-79.14348,NA
"orange","orng-09",9,5,36.003701,-79.152139,NA
"orange","orng-09",9,6,36.003496,-79.160503,NA
"orange","orng-09",9,7,36.007089,-79.16832,NA
"orange","orng-09",9,8,36.013832,-79.171554,NA
"orange","orng-09",9,9,36.020469,-79.174447,NA
"orange","orng-09",9,10,36.026191,-79.180653,NA
"orange","orng-09",9,11,36.023338,-79.18713,NA
"orange","orng-09",9,12,36.018097,-79.190063,NA
"orange","orng-09",9,13,36.011979,-79.19461,NA
"orange","orng-09",9,14,36.007153,-79.202066,NA
"orange","orng-09",9,15,36.010736,-79.206306,NA
"orange","orng-09",9,16,36.016185,-79.20434,NA
"orange","orng-09",9,17,36.025309,-79.204668,NA
"orange","orng-09",9,18,36.031653,-79.209256,NA
"orange","orng-09",9,19,36.038012,-79.214129,NA
"orange","orng-09",9,20,36.043953,-79.217745,NA
"orange","orng-10",10,1,35.9995355,-79.1070467,NA
"orange","orng-10",10,2,36.0022336,-79.097689,NA
"orange","orng-10",10,3,36.0057497,-79.0893531,NA
"orange","orng-10",10,4,36.010228,-79.0818644,NA
"orange","orng-10",10,5,36.0167974,-79.0755816,NA
"orange","orng-10",10,6,36.0198797,-79.0697536,NA
"orange","orng-10",10,7,36.0229458,-79.0638886,NA
"orange","orng-10",10,8,36.0304407,-79.0607462,NA
"orange","orng-10",10,9,36.033752,-79.0537372,NA
"orange","orng-10",10,10,36.049837,-79.0702702,NA
"orange","orng-10",10,11,36.058509,-79.0667173,NA
"orange","orng-10",10,12,36.0653397,-79.0641683,NA
"orange","orng-10",10,13,36.0760305,-79.0600792,NA
"orange","orng-10",10,14,36.0810134,-79.0587684,NA
"orange","orng-10",10,15,36.0856549,-79.0616071,NA
"orange","orng-10",10,16,36.0928806,-79.0552735,NA
"orange","orng-10",10,17,36.0974041,-79.0538135,NA
"orange","orng-10",10,18,36.106163,-79.0539574,NA
"orange","orng-10",10,19,36.1131349,-79.0501971,NA
"orange","orng-10",10,20,36.1186023,-79.0443993,NA
"orange","orng-11",11,1,35.8664557,-79.1124753,"0.0 orange utility left, green utility right"
"orange","orng-11",11,2,35.8714547,-79.1169875,"0.5 Right past turn sign, 0.05 past creek near phone pole"
"orange","orng-11",11,3,35.8758005,-79.1234039,"1.0 before left mail box, open field telephone line, past house 100ft deep"
"orange","orng-11",11,4,35.8823334,-79.1259712,"1.5 after church before left drive, 50ft pole right, around curve"
"orange","orng-11",11,5,35.8862418,-79.1268739,"2.0 Bowen road, in front adapt Highway sign, before drive on left, right after turn"
"orange","orng-11",11,6,35.8904379,-79.1344538,"2.5 right after narrow bridge, before pole and house"
"orange","orng-11",11,7,35.8954701,-79.1387301,"3.0 left of mailbox, right before gravel drive at phone pole"
"orange","orng-11",11,8,35.9021476,-79.1401078,"3.5 Old Greensboro rd, rt after turn on highway, rt past 45 mph sign"
"orange","orng-11",11,9,35.901678,-79.1481126,"4.0 past gravel rd, park by Big Oak house to left"
"orange","orng-11",11,10,35.8995696,-79.1572095,"4.5 past cricket field, mailbox white in front, big pine left"
"orange","orng-11",11,11,35.8973397,-79.165236,"5.0 Carl Durham rd, right after turn 5Y, house on right edge"
"orange","orng-11",11,12,35.9050319,-79.1650125,"5.5 7th post before metal coral, fence on both sides of road"
"orange","orng-11",11,13,35.9107611,-79.1660731,"6.0 across from street sign, next to brick house"
"orange","orng-11",11,14,35.9152892,-79.1714592,"6.5 in driveway by phone pole"
"orange","orng-11",11,15,35.9213541,-79.174945,"7.0 by clear cut by double pole before mail box"
"orange","orng-11",11,16,35.9277723,-79.1747848,"7.5 Dobson Cross Rd, past drive before transformer"
"orange","orng-11",11,17,35.9340505,-79.1725804,"8.0 Before Ranchlet, past Richie Rd on rt. Across from trailer"
"orange","orng-11",11,18,35.9424246,-79.1709356,"8.5 Rt past Montross training sign. Begin left with wt fence before road sign"
"orange","orng-11",11,19,35.948438,-79.1710726,"9.0 across from tall pine before pole transformers, before rd on left"
"orange","orng-11",11,20,35.9555746,-79.1706757,"9.5 rt before road entrance development ""Western Park Lane"""
"orange","orng-12",12,1,35.8669878,-79.0288844,NA
"orange","orng-12",12,2,35.8701749,-79.0366946,NA
"orange","orng-12",12,3,35.8751793,-79.0426384,NA
"orange","orng-12",12,4,35.8803353,-79.0499983,NA
"orange","orng-12",12,5,35.8857531,-79.0567146,NA
"orange","orng-12",12,6,35.8916171,-79.0596436,NA
"orange","orng-12",12,7,35.8922374,-79.068173,NA
"orange","orng-12",12,8,35.8938366,-79.0767132,NA
"orange","orng-12",12,9,35.9003691,-79.0737198,NA
"orange","orng-12",12,10,35.9074871,-79.0724645,NA
"orange","orng-12",12,11,35.9158037,-79.0720676,NA
"orange","orng-12",12,12,35.9207573,-79.0788222,NA
"orange","orng-12",12,13,35.9223293,-79.0877209,NA
"orange","orng-12",12,14,35.9276432,-79.093434,NA
"orange","orng-12",12,15,35.9332005,-79.1006521,NA
"orange","orng-12",12,16,35.9383188,-79.1048528,NA
"orange","orng-12",12,17,35.9439156,-79.1123079,NA
"orange","orng-12",12,18,35.947161,-79.119001,NA
"orange","orng-12",12,19,35.9544462,-79.122074,NA
"orange","orng-12",12,20,35.9613548,-79.1262375,NA
